<?xml version="1.0" encoding="UTF-8"?>
<project-private xmlns="http://www.netbeans.org/ns/project-private/1">
    <editor-bookmarks xmlns="http://www.netbeans.org/ns/editor-bookmarks/2" lastBookmarkId="0"/>
    <open-files xmlns="http://www.netbeans.org/ns/projectui-open-files/2">
        <group>
            <file>file:/C:/Users/User/OneDrive/Documentos/NetBeansProjects/VERSION-271125/src/prototiposistemacontable/MovimientoTransacciones.java</file>
            <file>file:/C:/Users/User/OneDrive/Documentos/NetBeansProjects/VERSION-271125/src/prototiposistemacontable/ManejoArchivo.java</file>
            <file>file:/C:/Users/User/OneDrive/Documentos/NetBeansProjects/VERSION-271125/src/prototiposistemacontable/GlobalSession.java</file>
            <file>file:/C:/Users/User/OneDrive/Documentos/NetBeansProjects/VERSION-271125/src/prototiposistemacontable/Login.java</file>
            <file>file:/C:/Users/User/OneDrive/Documentos/NetBeansProjects/VERSION-271125/src/prototiposistemacontable/FrmCatalogoCuentas.java</file>
        </group>
    </open-files>
</project-private>
